,YEAR,QUARTER,DNGDP2_mean,DNGDP3_mean,DNGDP4_mean,DNGDP5_mean,DNGDP6_mean,DNGDP2_median,DNGDP3_median,DNGDP4_median,DNGDP5_median,DNGDP6_median,RGDP2_mean,RGDP3_mean,RGDP4_mean,RGDP5_mean,RGDP6_mean,RGDP2_median,RGDP3_median,RGDP4_median,RGDP5_median,RGDP6_median
81,1989,1,8.405,6.8171,6.336,5.9378,5.9851,8.6009,6.3492,6.493,5.6735,6.2604,4070.375,4090.75,4110.75,4125.3125,4138.0,4074.0,4095.0,4115.0,4126.0,4140.0
82,1989,2,7.0945,6.3669,6.2514,6.2562,6.3195,6.4838,6.1388,5.6504,6.1962,6.2173,4106.8235,4125.9412,4142.6471,4163.8235,4177.25,4103.0,4119.0,4131.0,4153.0,4165.5
83,1989,3,5.9025,6.1218,6.6899,4.9941,8.8448,5.8207,5.7768,6.6341,7.1452,6.3737,4143.5133,4161.8867,4182.7333,4205.5533,4231.0267,4140.0,4160.0,4170.0,4186.0,4226.9
84,1989,4,5.3374,5.5528,6.1549,6.2088,7.53,5.1014,5.8167,6.8934,6.6241,7.5696,4171.5,4187.25,4205.8125,4229.0,4258.0625,4169.5,4187.5,4204.0,4228.5,4253.0
85,1990,1,5.4898,5.955,6.494,6.8959,6.8585,5.2726,5.5503,6.0454,7.5418,7.0302,4184.7857,4205.4286,4227.2143,4253.0714,4278.0,4181.5,4201.5,4226.5,4254.5,4278.0
86,1990,2,6.4887,6.0928,5.9309,5.9635,5.7376,5.782,6.0023,6.4366,6.5558,6.3051,4212.9778,4236.9778,4254.8111,4280.0,4304.6778,4213.0,4239.0,4259.0,4290.0,4318.0
87,1990,3,5.3871,5.1524,5.3983,5.2148,6.2919,5.3117,5.1669,6.5186,3.7836,6.317,4175.8462,4183.6,4200.6538,4218.8,4243.4083,4178.0,4186.0,4194.2,4202.5,4227.95
88,1990,4,3.6876,3.9106,4.1339,5.5859,6.1359,3.6023,3.607,4.0145,5.656,6.4462,4161.1333,4150.8167,4151.6633,4169.72,4193.8633,4159.55,4150.0,4151.5,4165.0,4190.5
89,1991,1,2.6449,3.7574,5.3502,6.1133,6.2786,2.4133,3.3555,6.2133,6.133,6.7451,4127.2829,4127.9629,4147.22,4174.7971,4205.16,4128.0,4130.0,4147.0,4177.0,4210.15
90,1991,2,3.2105,5.6688,6.2067,6.6882,6.1035,3.1984,5.3596,6.476,6.5763,6.1984,4123.0786,4144.1119,4172.2667,4202.2154,4231.3615,4122.0,4141.0,4169.85,4201.0,4233.4
91,1991,3,5.7014,6.0666,6.3959,6.4726,6.0522,5.7048,6.0274,6.6548,6.3747,5.3414,4154.0226,4182.8323,4213.1387,4244.8323,4274.6833,4156.0,4181.6,4211.0,4244.0,4273.0
92,1991,4,4.3955,5.4013,5.7138,6.2353,6.0813,4.2635,5.586,5.753,6.5732,6.3269,4159.0359,4182.1333,4211.159,4243.7846,4270.5103,4158.6,4181.0,4212.0,4247.6,4275.7
93,1992,1,4.0724,4.7938,6.18,6.3102,6.5266,3.4643,5.402,6.3732,6.2615,5.9806,4875.0445,4903.3467,4939.7277,4977.9899,5015.8607,4873.7,4901.6,4938.661,4978.0,5012.0
94,1992,2,6.0275,6.259,6.3418,6.567,6.2687,5.9,6.2321,6.4483,6.3155,6.7872,4928.4683,4967.0037,5005.5087,5042.8282,5081.5339,4927.0,4968.0,5006.0,5043.5,5082.5
95,1992,3,4.7602,5.1607,5.6825,5.7291,5.917,4.8749,4.8475,5.2329,5.7203,5.5993,4917.1368,4946.9322,4978.3211,5017.1455,5054.8796,4916.088,4945.45,4984.2,5012.8,5048.1
96,1992,4,4.6126,5.3933,5.6209,5.9599,6.1698,4.6854,5.1601,5.5298,5.72,5.822,4948.39,4979.7699,5014.5027,5053.902,5096.3907,4947.55,4977.15,5012.1,5052.495,5094.0545
97,1993,1,5.473,5.7243,5.9165,6.0417,5.3603,5.7,5.797,6.1561,6.0166,5.5919,5017.8938,5055.6147,5095.24,5135.8685,5170.8736,5016.6,5053.1,5094.4435,5137.189,5173.47
98,1993,2,5.5649,5.9329,6.3226,5.9258,6.4094,5.5,6.095,6.3001,6.0009,5.6278,5044.6202,5086.9984,5128.7983,5166.1669,5204.3662,5046.3,5087.35,5129.35,5168.2,5202.0
99,1993,3,5.7489,6.0016,5.8375,5.5188,5.6375,6.1361,5.8909,6.0979,5.4713,6.0108,5057.5141,5094.6654,5127.9404,5160.8452,5196.6361,5058.05,5098.0518,5132.0,5168.8211,5207.0
100,1993,4,6.0748,6.0243,5.1628,5.7748,5.7696,6.1989,5.5932,5.7263,5.9024,5.6546,5180.9571,5217.3503,5252.4589,5291.3613,5329.4335,5182.3895,5219.278,5251.432,5290.15,5326.1
101,1994,1,5.9787,5.7111,5.9148,5.5576,5.6536,5.9,6.1838,5.4289,5.6879,5.8156,5254.1483,5294.1572,5330.2345,5373.5456,5407.4053,5253.503,5295.75,5330.5,5370.85,5402.907
102,1994,2,6.559,6.0349,5.7875,5.4928,5.5708,6.6282,5.9285,5.8169,5.5245,5.3994,5309.0293,5351.7548,5391.8728,5425.257,5460.2985,5307.0,5347.5,5384.9,5418.35,5449.7
103,1994,3,5.6386,5.768,5.6064,5.4959,5.8867,5.6,5.9083,5.5717,5.5071,5.9995,5342.4934,5378.5432,5410.6568,5444.5028,5481.391,5343.378,5377.6315,5409.7275,5441.25,5475.6
104,1994,4,5.8764,5.818,5.6764,5.5049,5.6189,6.1093,5.789,5.9471,5.8918,5.7482,5402.0548,5441.5431,5478.0375,5513.8208,5550.6143,5401.569,5438.994,5471.1,5504.9,5537.9
105,1995,1,5.8252,5.5645,5.2783,5.2397,5.3939,5.8025,5.5485,5.3144,5.2737,4.3818,5468.178,5505.4661,5538.0678,5570.1638,5602.8141,5467.051,5503.2,5533.59,5562.7,5599.57
106,1995,2,4.6139,5.1551,5.6491,5.7375,5.3455,4.6014,5.1886,5.6153,5.7244,5.1738,5495.5047,5526.5536,5563.9983,5601.0209,5633.4938,5495.6,5526.65,5564.8,5602.55,5634.7
107,1995,3,4.3605,5.7256,5.4695,5.4138,5.202,4.4886,5.4942,5.3563,5.1977,5.044,5506.4695,5547.3346,5585.8433,5622.794,5658.495,5505.566,5543.2,5581.35,5618.132,5654.0
108,1995,4,4.204,4.8665,4.8495,4.8087,4.8607,4.3917,4.8482,4.8696,5.0147,5.0674,5577.5576,5614.7888,5650.4303,5685.6342,5719.8359,5576.21,5612.5,5646.6,5682.7,5715.557
109,1996,1,3.8606,4.4764,4.7711,4.897,4.7517,3.9325,4.4669,4.8915,4.6722,5.4355,6810.8247,6847.5893,6888.5705,6930.4315,6972.8487,6805.7705,6840.6015,6880.9,6921.5,6968.3305
110,1996,2,5.5554,4.6373,4.4058,4.6023,4.4272,5.6,4.7,4.2,4.4161,4.5866,6872.8157,6910.8825,6944.4443,6981.16,7015.8934,6873.0,6912.0,6944.0,6980.8,7013.441
111,1996,3,5.3729,4.8797,4.8714,4.4018,4.4521,5.2722,4.7852,5.0319,3.8178,4.4119,6929.2687,6970.5983,7007.8004,7039.5849,7072.2408,6928.45,6969.1,7005.0,7038.0,7069.35
112,1996,4,4.8286,4.9896,4.6113,4.5617,4.667,4.7841,5.1312,4.6148,4.3788,4.715,6966.4259,7007.532,7043.5308,7077.7007,7114.8063,6965.798,7008.0,7044.0,7079.1,7119.0
113,1997,1,4.9093,4.7483,4.6656,4.9208,4.7811,4.7298,4.932,4.3751,4.8603,4.8834,7048.0112,7089.1248,7127.3472,7168.5127,7204.6731,7047.6,7088.92,7124.5,7166.45,7203.724
114,1997,2,4.8956,5.1454,5.0815,4.8771,4.5323,4.9675,5.0194,4.9015,4.8625,3.9384,7131.2842,7176.8098,7221.7647,7259.2741,7293.8344,7132.8995,7177.114,7218.25,7256.3,7290.0
115,1997,3,4.92,5.2308,5.0123,4.7853,4.9231,5.0059,4.901,4.9342,4.675,4.9318,7188.6066,7238.093,7282.2883,7324.5229,7361.4951,7185.0,7235.0,7281.0,7323.6,7360.1
116,1997,4,5.0398,4.5916,4.4108,4.6909,4.4167,4.7811,4.546,4.6158,4.8899,4.412,7271.9203,7315.7262,7360.6007,7402.572,7441.924,7269.25,7314.25,7357.95,7400.1575,7439.7525
117,1998,1,4.4467,4.0495,4.06,4.3561,5.1529,4.5,3.8371,4.143,4.7765,4.9129,7335.5058,7375.4139,7415.4115,7460.421,7509.5863,7335.75,7369.5,7407.0,7452.55,7500.7
118,1998,2,4.2657,4.1223,4.4756,4.6487,4.321,3.9722,3.7777,4.3023,4.6948,4.688,7403.5231,7448.2669,7493.0033,7537.7419,7582.7902,7400.4,7439.455,7481.6715,7524.141,7566.489
119,1998,3,3.4681,4.7575,4.3095,4.3591,4.7096,3.4913,4.6605,4.1746,4.4335,4.2849,7532.2714,7588.4635,7629.6701,7674.8775,7725.884,7530.0,7587.0,7629.9,7668.849,7716.336
120,1998,4,3.8225,3.5918,3.4022,3.7493,3.907,3.9317,3.8026,3.3651,3.8902,3.91,7603.8926,7638.5987,7673.3036,7713.0566,7756.8599,7605.3,7637.0,7668.85,7708.2,7747.5775
121,1999,1,4.3589,3.9808,3.9224,4.3897,3.6469,4.3207,3.9794,3.9936,4.0798,3.961,7725.8712,7774.0547,7818.4772,7869.9751,7904.7511,7726.889,7777.9,7815.165,7861.703,7908.455
122,1999,2,4.4531,4.3721,4.7571,3.5767,4.339,4.624,4.228,4.6359,4.0,4.2858,7823.663,7877.4082,7935.7473,7969.5399,8020.2396,7823.869,7877.8,7930.0,7966.106,8025.191
123,1999,3,5.0507,5.0558,3.6282,4.5859,4.7317,4.8675,5.0671,3.7164,4.4131,4.7258,7867.8257,7930.7794,7969.3454,8021.8794,8075.5977,7867.2,7925.553,7962.955,8018.183,8067.833
124,1999,4,5.567,3.9837,5.1343,5.1188,5.0869,5.5,4.2021,4.7333,5.5224,4.9438,8966.9457,9014.7113,9086.0235,9157.4015,9227.3778,8964.5,9014.6,9082.5,9148.9,9225.5
125,2000,1,4.8704,4.9681,4.9501,4.9263,4.8361,5.0742,5.0496,5.0889,4.8671,5.011,9093.8239,9165.693,9235.4955,9303.0462,9367.4787,9097.4,9167.25,9241.35,9307.55,9373.15
126,2000,2,6.4705,5.8976,5.6334,5.4441,5.6544,6.4188,5.5626,5.5906,5.3984,4.6428,9250.737,9334.1537,9412.7898,9485.1522,9559.0842,9251.283,9333.5,9404.812,9465.077,9525.2605
127,2000,3,5.6499,5.8961,5.3579,5.2259,5.5105,5.5,5.8345,5.3921,5.1036,5.6302,9383.5098,9462.1518,9533.9031,9603.1249,9679.2192,9386.9,9461.6,9531.3,9595.0,9671.15
128,2000,4,5.661,5.5396,5.5393,5.4405,5.5633,5.4481,5.5872,5.319,5.8456,5.6207,9457.257,9531.4634,9603.1576,9679.3757,9763.1824,9457.487,9534.9,9610.2055,9689.337,9765.9395
129,2001,1,3.2139,3.9923,5.2362,5.7108,5.602,3.2791,4.3729,5.0599,5.4902,5.9022,9420.352,9466.3473,9542.5182,9626.931,9712.6553,9421.3,9471.748,9550.0,9636.0,9723.25
130,2001,2,3.6951,4.2611,4.9663,5.4846,5.3407,3.8017,3.7858,5.1044,6.2432,5.7696,9466.8362,9515.2988,9582.3246,9658.8033,9738.5184,9469.0,9515.1,9576.7,9650.0,9734.9
131,2001,3,3.2281,4.6138,5.1514,5.166,5.2647,3.0126,4.9425,5.1484,4.9781,6.3329,9384.4337,9443.4095,9511.2768,9582.1589,9654.282,9380.0,9444.3,9507.736,9578.0,9670.322
132,2001,4,-0.6458,2.1011,4.1128,5.4824,5.5626,-0.5,1.7519,4.3215,4.8664,5.2484,9286.2684,9291.0006,9346.1199,9430.9306,9517.2214,9287.9,9290.0,9344.2,9428.1355,9521.1865
133,2002,1,3.2672,4.2638,4.9447,5.052,5.8269,3.5647,4.0438,5.2809,5.3171,5.7275,9347.135,9406.1154,9479.7755,9562.2299,9644.9868,9348.6,9409.8,9500.2,9576.2,9655.5
134,2002,2,4.4884,4.9264,5.3839,5.5482,5.6117,4.3203,4.9326,5.2533,5.6856,5.8775,9541.7795,9616.2119,9692.7375,9775.2558,9858.2686,9540.815,9616.9,9698.0,9781.8,9868.95
135,2002,3,4.2299,4.5712,5.4538,5.3028,5.7862,4.1161,4.5827,5.4747,5.6414,5.7391,9443.6544,9508.851,9588.9457,9668.99,9757.9625,9443.728,9505.3,9586.0,9658.3,9745.4065
136,2002,4,3.3347,4.6195,5.0399,5.0927,5.7316,3.1219,4.6204,4.9552,5.2016,6.468,9501.1476,9561.1909,9636.6412,9716.7223,9805.7349,9496.5065,9556.85,9628.9395,9706.872,9806.4
137,2003,1,4.175,4.4504,4.9395,5.1562,6.1719,4.1375,4.5629,5.0985,6.1736,6.0461,9552.6281,9615.7709,9695.3612,9781.8786,9876.2743,9554.321,9619.0,9700.54,9785.759,9878.0
138,2003,2,3.5921,5.1191,5.3273,5.8214,5.2474,3.5864,5.0242,5.2814,5.7359,5.2652,9595.1962,9672.8925,9751.2919,9847.2758,9931.648,9598.715,9678.45,9758.65,9855.166,9938.05
139,2003,3,5.2414,5.2193,5.7382,5.383,5.408,5.0699,5.6893,5.9639,5.344,5.3334,9697.2601,9785.6042,9877.7523,9966.9442,10058.7102,9691.95,9784.2355,9877.0675,9970.75,10059.254
140,2003,4,5.5077,5.8725,5.5139,5.8959,5.5154,5.6021,6.0912,5.9049,5.7247,5.6635,9893.5308,9991.6076,10090.2744,10189.9479,10284.9851,9893.736,9990.0,10085.4,10176.8,10271.7485
141,2004,1,6.0491,5.875,5.6137,5.4931,5.2563,5.9439,5.5378,5.618,5.4498,5.0498,10711.9317,10824.6371,10932.7847,11045.0071,11141.103,10713.046,10825.775,10930.85,11040.726,11140.1
142,2004,2,6.564,5.9365,5.8967,5.7871,5.594,6.5291,5.891,5.7788,5.5463,5.4684,10825.8137,10936.9765,11044.101,11144.9923,11245.808,10827.014,10937.065,11045.175,11148.67,11257.3
143,2004,3,5.6247,6.2784,5.9069,5.6957,5.6662,5.7211,6.0344,5.8274,5.3593,5.409,10867.6947,10972.3868,11074.7896,11170.0281,11267.0409,10870.7,10978.212,11080.083,11181.011,11273.307
144,2004,4,5.4616,5.5853,5.4703,5.5333,5.9117,5.5,5.6138,5.5593,5.2164,6.0577,10981.9039,11077.84,11169.7152,11267.3155,11366.8073,10982.704,11074.0,11167.855,11262.4,11356.039
145,2005,1,6.0534,5.803,5.5753,5.6525,5.7396,6.0,5.8,5.597,5.562,5.5889,11078.115,11178.4733,11277.5613,11377.1825,11473.7213,11076.288,11176.4,11267.9,11362.2,11462.3695
146,2005,2,5.5831,5.6793,5.8819,5.3487,5.6692,5.6798,5.5806,5.7556,5.7833,5.7392,11160.0912,11254.4412,11349.3977,11440.0182,11533.7033,11160.368,11256.783,11352.1945,11442.858,11538.324
147,2005,3,6.3579,5.8232,5.8684,5.6324,5.4084,6.5,5.8189,5.7256,5.5706,5.3254,11205.3172,11300.8125,11392.7687,11483.6295,11573.2571,11206.676,11306.202,11397.2,11491.62,11583.943
148,2005,4,5.9597,6.0988,5.7556,5.5152,5.5268,6.1091,5.6601,5.8578,5.4885,5.5867,11281.6438,11378.6482,11472.0114,11562.3831,11652.6886,11281.69,11385.28,11477.265,11568.122,11659.544
149,2006,1,6.7599,5.7077,5.4216,5.3391,5.3317,6.7862,5.9218,5.3424,5.2111,5.4088,11347.6059,11442.8967,11530.7508,11616.6502,11703.1333,11355.0,11448.996,11533.948,11626.327,11720.588
150,2006,2,6.06,5.4708,5.3589,5.3025,5.3334,6.1254,5.174,5.1144,5.6298,5.4759,11473.7456,11560.7565,11645.0475,11727.5809,11813.4531,11476.9323,11564.852,11650.6294,11733.8369,11821.5433
151,2006,3,5.5364,5.454,5.5492,5.3158,5.4448,5.5675,4.8396,5.4791,5.1713,5.4202,11464.7449,11543.7573,11621.7013,11699.4126,11781.614,11462.1508,11543.5911,11625.5341,11704.0423,11790.0043
152,2006,4,4.5296,5.4763,5.0538,5.1048,5.1203,4.5046,5.3475,5.2324,5.1492,5.4412,11504.1357,11580.0471,11657.7276,11737.7233,11818.911,11503.2393,11580.5712,11662.3736,11747.3,11831.5437
153,2007,1,5.0056,4.8776,5.1495,5.2035,5.2008,5.0809,4.8901,5.3077,5.3562,5.0845,11614.3696,11690.3781,11774.5512,11862.6715,11951.5174,11614.9439,11693.5256,11780.2629,11872.7391,11962.6024
154,2007,2,5.0498,4.7083,4.9997,5.6477,5.0375,5.2,4.8647,5.1352,5.4838,5.2215,11618.2559,11690.0171,11772.737,11861.8221,11945.093,11617.7795,11692.5698,11775.4,11860.2391,11948.2354
155,2007,3,4.3757,4.6801,5.0399,4.9479,4.79,4.4396,4.9114,5.0811,4.8536,4.9049,11582.0852,11656.7397,11731.5606,11810.537,11888.0408,11579.1598,11655.5,11732.8,11817.541,11895.5841
156,2007,4,3.894,4.4559,4.5169,4.8215,4.8524,3.9992,4.3844,4.3348,5.0718,5.0995,11682.1181,11740.0324,11808.8284,11884.8459,11965.8781,11675.1696,11738.43,11805.4192,11884.0,11965.9812
157,2008,1,2.7554,3.5565,4.7066,4.6681,5.2871,3.0065,3.714,4.338,4.8159,5.6155,11696.6634,11733.8693,11806.4143,11883.9408,11979.1163,11697.0,11735.57,11815.6973,11898.1098,11989.9283
158,2008,2,3.0901,4.4165,4.045,4.5309,5.0398,3.2,4.4062,4.5375,4.0552,5.0194,11695.4279,11758.3669,11800.6677,11859.4812,11936.9657,11699.0917,11748.4887,11802.0758,11868.5285,11942.6629
159,2008,3,4.6467,3.0918,3.8376,4.1464,4.9288,4.2552,3.143,3.9951,4.4343,4.7557,11740.6447,11760.3386,11799.2081,11859.9063,11931.8172,11734.1979,11755.0,11801.0,11862.8,11937.3435
160,2008,4,-0.3678,0.7816,2.1727,3.5744,4.072,-0.3919,0.9282,1.965,3.3062,4.1625,11641.891,11609.1735,11625.822,11673.1409,11735.7486,11633.0286,11601.0,11625.2,11650.1905,11715.8487
161,2009,1,-3.8018,-0.844,1.9889,3.1992,3.5864,-4.1973,-0.5924,1.9066,3.3432,3.4985,11454.3828,11410.5455,11429.5079,11482.7359,11550.8936,11445.9,11395.4812,11423.1111,11473.4186,11542.7541
162,2009,2,-0.4495,2.205,3.2995,3.339,4.3145,-0.4443,2.0361,2.6076,2.9572,4.0955,11304.6072,11320.3925,11367.1654,11425.026,11502.0734,11297.318,11309.9826,11358.4833,11421.1406,11503.6967
163,2009,3,3.9211,3.7769,4.0314,4.165,4.702,4.0313,2.9819,5.2676,3.0544,4.6408,12966.3533,13040.4931,13120.2913,13210.2057,13302.1441,12970.2932,13040.2135,13121.76,13213.0386,13297.4006
164,2009,4,4.3377,3.536,4.0862,4.5174,4.7224,3.9522,4.1275,3.6643,5.3191,4.9919,13097.0392,13180.9435,13273.0956,13366.578,13464.8354,13100.94,13175.5924,13255.3328,13339.3214,13436.0801
165,2010,1,4.2375,4.0689,4.4166,4.5876,4.768,4.442,3.8296,4.5132,4.6012,5.2087,13240.6948,13335.2563,13432.0325,13534.7944,13624.8172,13242.9603,13332.175,13421.9588,13512.3602,13602.3331
166,2010,2,4.5677,4.4998,4.573,4.5856,4.6679,4.4716,4.3398,4.6707,4.6525,4.559,13363.6142,13466.1116,13569.363,13669.0732,13770.6744,13363.2875,13471.8743,13566.2683,13657.0958,13766.7
167,2010,3,3.2437,3.9528,4.2824,4.397,4.3947,3.5338,4.2189,4.4767,3.8669,5.0167,13295.5068,13385.7202,13476.8659,13577.4548,13676.7464,13292.7892,13385.8639,13460.975,13564.29,13664.0
168,2010,4,3.3168,4.0275,4.1634,4.5471,4.7713,3.4713,3.8845,3.7986,3.988,4.5548,13333.863,13415.1512,13506.9028,13608.0392,13715.5891,13334.479,13413.0,13502.5,13612.0791,13709.2281
169,2011,1,5.1628,4.8204,4.9022,4.9232,4.6939,5.3038,4.6496,4.9259,4.9054,4.9295,13499.8574,13615.5691,13729.9987,13847.169,13951.4679,13501.1324,13618.0,13721.2,13835.0,13940.1649
170,2011,2,5.431,5.2166,4.8667,5.0026,4.9245,5.2944,5.214,5.1908,4.6918,4.8878,13546.2832,13658.6801,13771.1463,13872.9385,13980.0453,13546.4969,13661.6272,13778.3743,13876.7709,13962.0
171,2011,3,4.2023,4.0608,4.254,4.3003,4.5645,3.953,4.4508,4.3351,4.7779,4.6437,13353.6461,13432.5397,13507.8456,13592.2956,13685.0682,13343.5415,13428.3842,13501.629,13598.4431,13704.3795
172,2011,4,4.1625,4.276,4.1151,4.4294,4.6612,4.3373,3.9628,4.0321,4.2668,5.121,13434.6538,13512.464,13592.7363,13679.0546,13770.5457,13438.6676,13519.1838,13598.8999,13692.4048,13785.1513
173,2012,1,4.015,4.1025,4.6298,4.6426,4.6857,3.8869,4.2437,4.3226,4.8108,4.7292,13497.2652,13577.7855,13665.5371,13759.1763,13850.8008,13496.5123,13572.5547,13660.1121,13761.7085,13856.6582
174,2012,2,4.0343,4.4559,4.6725,4.4655,4.5472,4.1292,4.3745,4.8395,4.1729,4.2358,13582.4117,13668.2149,13760.5471,13844.8362,13935.9372,13582.0977,13666.4436,13754.9551,13843.3179,13937.0544
175,2012,3,3.6571,3.9098,4.0498,4.362,4.871,3.5493,3.9486,4.1116,4.3257,4.6696,13616.7236,13694.6018,13752.1082,13812.0224,13891.9807,13612.0422,13686.1653,13748.698,13827.9502,13914.5084
176,2012,4,3.5672,3.6282,4.2023,4.87,4.7886,3.6565,3.5881,3.9772,4.9915,4.9728,13678.3855,13734.206,13807.3633,13898.6928,13997.2996,13676.7818,13734.5588,13804.2334,13896.2001,13992.9201
177,2013,1,3.9672,4.169,4.625,4.3781,5.0306,4.0306,4.1533,4.4045,4.3411,4.9682,13725.4991,13802.2448,13891.6791,13980.6549,14083.2801,13720.0,13799.4747,13888.0906,13972.5973,14067.0
178,2013,2,3.4021,4.2491,4.5847,4.7521,4.8864,3.5355,4.0407,4.493,4.8497,4.8268,13811.8784,13892.8186,13988.2827,14087.7712,14191.8524,13812.241,13892.449,13985.415,14070.3719,14180.74
179,2013,3,4.0574,4.2344,4.3348,4.4939,4.8248,3.8178,4.1817,4.3474,4.4523,4.9818,15741.0902,15841.4135,15943.3903,16053.8666,16168.933,15734.7,15825.6,15929.5758,16043.5622,16158.3571
180,2013,4,3.9384,4.1989,4.4219,4.5685,4.79,3.4722,4.1751,4.33,4.8819,4.8842,15862.0167,15961.5372,16069.8846,16182.1537,16298.6389,15862.628,15959.75,16072.5,16189.1,16306.2418
181,2014,1,3.6235,4.2909,4.7419,4.8001,5.0239,3.4659,4.4294,4.4,4.8071,4.891,16046.3458,16153.7323,16269.6456,16390.724,16517.546,16044.9653,16164.0128,16276.4,16385.6,16516.515
182,2014,2,4.8594,4.7778,4.8631,4.6946,4.7156,4.734,4.7493,4.9306,4.8846,5.1548,16073.914,16192.7071,16313.5437,16436.539,16556.6172,16076.85,16191.852,16321.4,16447.1513,16574.65
183,2014,3,3.7056,4.8528,4.7066,4.7359,4.7292,4.684,4.9151,4.9498,4.3689,5.0164,16102.6746,16224.1351,16345.8971,16468.0862,16588.0957,16104.2412,16226.26,16351.6,16477.2472,16597.9367
184,2014,4,4.3091,4.5011,4.7822,4.9523,4.87,4.3165,4.5989,4.7169,4.7545,4.7835,16259.6652,16369.3818,16488.0917,16610.3755,16735.5494,16258.7022,16369.9202,16495.0642,16608.9431,16731.8252
185,2015,1,3.3896,4.4606,4.6913,4.5471,4.6651,3.5003,4.1964,4.5185,4.4636,4.4644,16421.6841,16537.8303,16659.8891,16777.8982,16894.113,16418.6994,16541.6789,16657.0,16770.6865,16892.5527
186,2015,2,4.1317,4.7259,4.4437,4.1997,4.5097,4.1803,4.9235,4.6507,4.8155,4.9581,16405.3669,16529.9738,16648.8638,16755.4951,16872.4517,16404.8512,16531.4385,16650.0294,16749.924,16875.5983
187,2015,3,4.4017,4.3883,4.45,4.6896,4.6903,4.3648,4.394,4.6904,4.9872,4.6994,16384.4329,16499.2495,16612.1077,16726.7319,16843.2757,16379.6197,16493.9421,16608.3368,16721.55,16835.1407
188,2015,4,3.9916,4.2199,4.4933,4.4242,4.442,4.0255,4.4744,4.4,4.4,4.4587,16504.0535,16608.8444,16719.3082,16832.263,16943.5502,16500.5428,16603.27,16710.9817,16831.1268,16932.4081
189,2016,1,3.4678,4.0339,4.2818,4.3106,4.1705,3.1991,3.9514,4.1409,4.5486,4.1698,16524.9127,16623.6387,16728.3451,16833.4798,16928.8023,16524.7779,16625.9093,16719.4203,16823.7154,16923.4101
190,2016,2,3.7555,3.9403,4.3643,4.1225,4.3268,3.6977,4.0564,4.5656,4.1063,4.5248,16581.1867,16677.6357,16780.8319,16872.2724,16973.3366,16577.2251,16677.1859,16773.7046,16872.2,16972.8021
191,2016,3,4.1308,4.2761,3.9739,4.354,4.2571,4.1726,4.1968,4.0956,4.3746,4.5344,16690.0322,16787.4434,16875.7616,16970.7517,17066.2201,16681.5287,16777.8635,16872.9176,16967.0513,17056.4933
192,2016,4,4.0692,4.0485,4.3867,4.2388,4.2179,4.1017,3.9154,4.2036,4.075,4.2936,16792.3481,16884.5497,16984.9532,17081.5999,17176.5997,16791.7614,16884.9534,16975.5547,17067.7164,17162.6024
193,2017,1,4.2743,4.4836,4.5607,4.6136,4.7025,4.2333,4.3493,4.5373,4.683,4.6961,16901.2729,16998.3353,17099.5138,17198.9063,17305.7156,16896.4735,16993.6507,17093.4494,17194.3948,17289.6117
194,2017,2,4.8202,4.6761,4.5689,4.638,4.771,4.9,4.5497,4.4875,4.5863,4.4468,16972.582,17081.4914,17184.9124,17284.6382,17398.7997,16971.6987,17076.5476,17179.5079,17282.8909,17399.9153
195,2017,3,4.2416,4.4072,4.3288,4.5381,4.4874,4.3,4.238,4.3055,4.2993,4.4699,17125.024,17226.5406,17324.0191,17428.1317,17536.6898,17121.3854,17220.8701,17315.8827,17418.9133,17523.7458
196,2017,4,4.499,4.3786,4.439,4.4088,4.3197,4.5,4.4536,4.3154,4.2512,4.2875,17270.1639,17371.2293,17479.1677,17582.8837,17684.0217,17266.5966,17370.1862,17472.1,17564.4562,17666.6372
197,2018,1,4.8819,4.8417,4.8959,4.7065,4.6953,4.8799,4.8191,4.8489,4.5835,4.6309,17403.1961,17524.9914,17642.3699,17753.1648,17865.4904,17401.1,17524.5799,17645.1586,17754.6541,17860.1012
198,2018,2,5.1589,5.1351,4.9404,4.8935,4.7991,5.0779,5.0355,4.913,5.0257,4.6483,17522.0439,17649.2543,17767.3467,17880.714,17994.8319,17515.7121,17644.6599,17766.8964,17872.96,17987.6628
199,2018,3,5.05,5.1633,4.8755,4.8931,4.6403,5.1,5.2757,5.1244,4.5814,4.6715,18645.9167,18776.3331,18892.7923,19011.684,19127.7117,18646.597,18775.0373,18891.3945,19018.252,19141.4
200,2018,4,4.8253,4.8924,5.0119,4.5583,4.4327,4.7456,4.8201,4.8564,4.6354,4.5855,18792.3408,18905.3052,19025.6453,19137.8672,19243.9797,18792.1962,18903.0,19028.4,19139.6289,19244.6811
201,2019,1,3.3868,4.825,4.3943,4.347,4.0576,3.1765,4.6143,4.3104,4.3773,4.1961,18857.9338,18975.6626,19084.0719,19189.0013,19283.3637,18852.6017,18962.7985,19067.3954,19172.6242,19271.3487
202,2019,2,4.1319,4.2505,4.2305,4.0033,4.1145,4.18,4.4929,3.8143,3.9575,4.0564,19000.292,19103.4327,19204.2098,19300.1202,19397.5305,19002.1334,19101.8946,19205.9205,19299.9767,19382.4377
203,2019,3,3.8171,4.0663,3.9294,3.8851,3.8925,3.741,3.9634,3.7946,3.8982,3.8381,19110.2483,19204.5459,19298.4234,19394.0866,19482.5198,19107.7556,19202.5861,19295.4085,19390.05,19484.23
204,2019,4,3.6917,3.7773,4.1019,3.7938,3.8703,3.5817,3.7223,4.1018,3.836,3.7287,19193.7429,19283.0372,19376.659,19461.3398,19547.655,19190.9035,19281.32,19364.4326,19444.3914,19534.0866
205,2020,1,3.5519,4.118,4.0986,4.1764,4.0943,3.4353,4.1704,4.1809,4.1217,3.68,19299.8127,19401.278,19502.134,19604.5916,19701.2018,19299.0817,19399.8446,19497.2656,19600.2731,19706.5
206,2020,2,-31.4688,11.252,7.7514,6.7322,6.2926,-31.2701,13.1211,7.0878,6.5579,5.6366,17258.0194,17667.7041,17940.5563,18172.0569,18378.0698,17228.644,17669.4397,17948.877,18244.7085,18428.5015
207,2020,3,21.4826,6.9202,5.9844,4.9845,5.4574,21.8973,6.1499,6.2053,6.4915,5.2004,17981.5416,18224.0035,18431.2494,18598.803,18760.6473,17974.0746,18229.5,18463.506,18638.1687,18801.7
208,2020,4,6.1371,5.2653,5.3648,5.144,5.2745,5.7193,5.2338,5.2629,5.1504,5.1104,18791.5451,18949.7361,19111.0535,19263.6346,19421.7203,18767.1157,18915.6989,19077.5914,19242.6174,19401.3478
209,2021,1,5.1016,7.6505,7.6783,6.5117,5.6708,5.2907,7.2363,7.2475,6.5572,6.0759,18917.9316,19183.79,19446.1437,19658.7819,19821.6266,18928.7724,19162.8481,19410.7241,19604.0964,19783.015
210,2021,2,10.5843,9.2445,7.2446,6.0835,5.734,10.699,9.3706,7.9227,6.0824,5.435,19459.6595,19780.4621,20020.7263,20202.4338,20373.9883,19453.5158,19808.53,20049.6921,20247.8514,20379.4617
211,2021,3,10.3448,7.9909,6.4613,6.152,5.6029,10.3718,8.3771,6.4749,5.4135,5.1613,19678.5799,19930.7497,20130.7631,20310.9417,20468.7899,19679.6,19929.0847,20147.6432,20316.6527,20451.4597
212,2021,4,8.5961,7.4053,6.4573,5.9745,5.4235,8.6682,7.8,6.8957,5.5283,4.9912,19696.0509,19893.8827,20079.376,20251.6627,20399.4464,19686.1503,19874.3933,20070.3069,20222.3504,20378.4583
213,2022,1,5.856,7.8401,6.4712,6.0184,5.8131,6.0,7.7273,5.9223,5.0922,4.9078,19890.2506,20088.9448,20253.7887,20405.7872,20550.071,19892.738,20096.5088,20243.6042,20389.5962,20533.0045
214,2022,2,7.2323,7.0835,6.2193,5.7755,5.2365,7.2941,6.3936,5.2917,5.6108,4.9356,19842.2389,19977.4708,20100.7355,20213.0454,20326.943,19850.46,19972.2034,20087.8952,20192.5609,20306.8044
215,2022,3,6.0054,5.6585,4.923,4.665,4.2993,6.69,5.0153,5.2949,3.8821,4.4424,19743.7296,19816.7531,19877.1707,19947.0817,20023.5705,19750.2272,19811.028,19865.8988,19937.5378,20011.5841
216,2022,4,5.3699,4.2738,3.7015,4.0092,4.4493,5.8005,4.035,3.1805,3.6657,3.7287,20072.436,20102.9056,20125.4076,20148.9966,20237.4107,20071.5227,20080.9081,20091.9121,20135.6494,20238.3092
